{"cameraMode":{"drawMode":0,"name":"Shaded","section":"Shading Mode"},"sceneLighting":false,"audioPlay":false,"sceneViewState":{"showFog":true,"showMaterialUpdate":false,"showSkybox":true,"showFlares":true,"showImageEffects":true,"showParticleSystems":true},"in2DMode":false,"pivot":{"x":1.2390451431274415,"y":1.2459936141967774,"z":-4.9466447830200199},"rotation":{"x":0.10530200600624085,"y":0.4513894021511078,"z":-0.053741469979286197,"w":0.8844608664512634},"size":14.558197975158692,"orthographic":false}