{"cameraMode":{"drawMode":0,"name":"Shaded","section":"Shading Mode"},"sceneLighting":false,"audioPlay":false,"sceneViewState":{"showFog":true,"showMaterialUpdate":false,"showSkybox":false,"showFlares":true,"showImageEffects":true,"showParticleSystems":true,"showVisualEffectGraphs":true,"m_FxEnabled":true},"in2DMode":false,"pivot":{"x":-0.043166160583496097,"y":1.0054428577423096,"z":-0.2722949981689453},"rotation":{"x":0.010475866496562958,"y":-0.9880000948905945,"z":0.13299867510795594,"w":0.07782382518053055},"size":2.0594570636749269,"orthographic":false}