{"cameraMode":{"drawMode":0,"name":"Shaded","section":"Shading Mode"},"sceneLighting":true,"audioPlay":false,"sceneViewState":{"showFog":true,"showMaterialUpdate":false,"showSkybox":true,"showFlares":true,"showImageEffects":true,"showParticleSystems":true,"showVisualEffectGraphs":true,"m_FxEnabled":true},"in2DMode":false,"pivot":{"x":13.32231330871582,"y":1.2364814281463624,"z":-0.9410057067871094},"rotation":{"x":0.08681099861860275,"y":0.042722880840301517,"z":-0.0037248916923999788,"w":0.9953047633171082},"size":9.374157905578614,"orthographic":false}