{"cameraMode":{"drawMode":0,"name":"Shaded","section":"Shading Mode"},"sceneLighting":true,"audioPlay":false,"sceneViewState":{"showFog":true,"showMaterialUpdate":false,"showSkybox":true,"showFlares":true,"showImageEffects":true,"showParticleSystems":true,"showVisualEffectGraphs":true,"m_FxEnabled":true},"in2DMode":false,"pivot":{"x":16.769668579101564,"y":7.4422526359558109,"z":3.744922399520874},"rotation":{"x":0.20473845303058625,"y":-0.6611886620521545,"z":0.19479039311408997,"w":0.6949630975723267},"size":16.000404357910158,"orthographic":false}