{"cameraMode":{"drawMode":0,"name":"Shaded","section":"Shading Mode"},"sceneLighting":false,"audioPlay":false,"sceneViewState":{"showFog":true,"showMaterialUpdate":false,"showSkybox":false,"showFlares":true,"showImageEffects":true,"showParticleSystems":true,"showVisualEffectGraphs":true,"m_FxEnabled":true},"in2DMode":false,"pivot":{"x":5.46999979019165,"y":0.4699999690055847,"z":0.6717382073402405},"rotation":{"x":0.06894417852163315,"y":0.006881647743284702,"z":-0.0004742330638691783,"w":0.9975998997688294},"size":2.1482558250427248,"orthographic":false}